created_at,GRMS_X,GRMS_Y,GRMS_Z,VRMS_X,VRMS_Y,VRMS_Z,temperature
2022-11-07 08:26:41,0.006374859716743231,0.005953898187726736,0.00795083586126566,0.15114513039588928,0.11015539616346359,0.12508422136306763,27.559999465942383
2022-11-09 11:04:48,0.0064269485883414745,0.005864220671355724,0.007927514612674713,0.1157195046544075,0.0745893120765686,0.1499570608139038,27.350000381469727
2022-11-09 12:14:47,0.006402692757546902,0.005862618330866098,0.007942736148834229,0.13226772844791412,0.10418368130922318,0.15880171954631805,27.06999969482422
2022-11-09 13:24:57,0.006388937588781118,0.005873959045857191,0.00803056638687849,0.09160488098859787,0.09404239058494568,0.17473171651363373,27.110000610351562
2022-11-09 14:34:26,0.006410835310816765,0.005826890468597412,0.007911738008260727,0.11334533244371414,0.08080693334341049,0.15635302662849426,26.559999465942383
2022-11-09 15:43:56,0.006403654348105192,0.005860071629285812,0.007831932976841927,0.10916676372289658,0.08570803701877594,0.12076402455568314,26.770000457763672
2022-11-09 16:53:26,0.006402731407433748,0.005847664084285498,0.007898864336311817,0.11585133522748947,0.07709290087223053,0.14569638669490814,27.809999465942383
2022-11-09 18:02:56,0.0064293690957129,0.005832633934915066,0.007930498570203781,0.08879874646663666,0.07089147716760635,0.1261865198612213,28.1299991607666
2022-11-09 19:12:26,0.006380654871463776,0.005908283405005932,0.007931995205581188,0.13822029531002045,0.09871329367160797,0.12355343252420425,28.350000381469727
2022-11-09 20:23:56,0.006408820394426584,0.005976010113954544,0.007873401045799255,0.1079551950097084,0.07258307188749313,0.12692441046237946,28.540000915527344
2022-11-09 21:33:26,0.006420152727514505,0.005928479600697756,0.007951337844133377,0.08282331377267838,0.0778714269399643,0.1687261462211609,28.6299991607666
2022-11-09 22:42:42,0.006412787362933159,0.005873040296137333,0.00797295942902565,0.10751080513000488,0.10993098467588425,0.12868916988372803,28.739999771118164
2022-11-09 23:52:12,0.006446934770792723,0.005849065724760294,0.007946140132844448,0.09321868419647217,0.15612417459487915,0.12846654653549194,28.850000381469727
2022-11-10 01:01:42,0.006433771923184395,0.005898045375943184,0.00790357869118452,0.10923291742801666,0.11862733960151672,0.10465604811906815,28.860000610351562
2022-11-10 02:11:28,0.0064524575136601925,0.005842953454703093,0.00792753230780363,0.11078450828790665,0.08767309039831161,0.12817342579364777,28.959999084472656
2022-11-10 03:20:56,0.006459804251790047,0.005889752879738808,0.007931619882583618,0.09844623506069183,0.1309521645307541,0.13764718174934387,28.989999771118164
2022-11-10 04:30:26,0.0064089419320225716,0.005879038944840431,0.007925976999104023,0.08956016600131989,0.08517733961343765,0.1065741628408432,29.010000228881836
2022-11-10 05:39:57,0.006494130939245224,0.005873620044440031,0.007966221310198307,0.09525802731513977,0.07276713103055954,0.15318670868873596,29.139999389648438
2022-11-10 06:49:26,0.006402085069566965,0.0058627077378332615,0.007934675551950932,0.130851611495018,0.09466727823019028,0.202115997672081,29.15999984741211
2022-11-10 07:58:57,0.006492394953966141,0.005817864555865526,0.007819964550435543,0.11339433491230011,0.1233985498547554,0.15984179079532623,29.270000457763672
2022-11-10 09:08:21,0.006441355682909489,0.005902173463255167,0.007891491055488586,0.08164191991090775,0.07637171447277069,0.15089738368988037,29.190000534057617
2022-11-10 10:18:05,0.006379608064889908,0.00587634788826108,0.007863989099860191,0.14848987758159637,0.09848348796367645,0.21652957797050476,27.25
2022-11-10 11:27:37,0.006404431536793709,0.005841242615133524,0.007872759364545345,0.13966761529445648,0.11774971336126328,0.11455071717500687,27.270000457763672
2022-11-10 12:37:06,0.006433030590415001,0.0058924537152051926,0.007899408228695393,0.09571430087089539,0.09539512544870377,0.14695394039154053,26.709999084472656
2022-11-10 13:46:36,0.061292070895433426,0.059291113168001175,0.05975133180618286,0.19743594527244568,0.1588766723871231,0.19931407272815704,35.4900016784668
2022-11-10 14:56:05,0.1626555323600769,0.149233877658844,0.1389627456665039,0.22755683958530426,0.5131431221961975,0.4836139380931854,40.880001068115234
2022-11-10 16:05:21,0.1572294533252716,0.15171566605567932,0.1359425038099289,0.23199523985385895,0.5331513285636902,0.4572976231575012,44.29999923706055
2022-11-10 17:14:50,0.15498532354831696,0.15257102251052856,0.13815806806087494,0.1845282018184662,0.5112870931625366,0.44553232192993164,45.779998779296875
2022-11-10 18:24:20,0.15572211146354675,0.15467624366283417,0.14087137579917908,0.22190257906913757,0.5528324246406555,0.5018508434295654,46.41999816894531
2022-11-10 19:34:06,0.15461120009422302,0.15536946058273315,0.1411677896976471,0.21596845984458923,0.5599603652954102,0.5524362325668335,46.849998474121094
2022-11-10 20:43:37,0.15513864159584045,0.15527217090129852,0.1433391571044922,0.23324401676654816,0.5468695163726807,0.5633354783058167,46.95000076293945
2022-11-10 21:53:05,0.15343107283115387,0.1540030539035797,0.14143674075603485,0.18253134191036224,0.510262668132782,0.5648866295814514,47.220001220703125
2022-11-10 23:02:35,0.15407422184944153,0.15681922435760498,0.14077572524547577,0.1944568157196045,0.5681150555610657,0.5365469455718994,47.27000045776367
2022-11-11 00:12:06,0.1522008627653122,0.15304923057556152,0.1407344937324524,0.20344118773937225,0.5244827270507812,0.5504269599914551,47.36000061035156
2022-11-11 01:21:36,0.15340401232242584,0.15500997006893158,0.14015915989875793,0.21178634464740753,0.5411644577980042,0.5645178556442261,47.34000015258789
2022-11-11 02:31:06,0.15404467284679413,0.15391500294208527,0.14011095464229584,0.2124885469675064,0.5277484059333801,0.5769472718238831,47.43000030517578
2022-11-11 03:40:35,0.15494178235530853,0.15964938700199127,0.13848081231117249,0.2376234084367752,0.6083585023880005,0.5468346476554871,47.52000045776367
2022-11-11 04:50:05,0.15257854759693146,0.15673145651817322,0.14202585816383362,0.2262277901172638,0.543413519859314,0.5514547824859619,47.630001068115234
2022-11-11 05:59:35,0.15491552650928497,0.16107212007045746,0.14083972573280334,0.2413409799337387,0.6128219962120056,0.49035248160362244,47.81999969482422
2022-11-11 07:09:06,0.15648862719535828,0.15965348482131958,0.14228639006614685,0.2698153853416443,0.5893819332122803,0.5110483765602112,47.79999923706055
2022-11-11 08:18:35,0.15483896434307098,0.1590459644794464,0.1403413563966751,0.23046007752418518,0.5638511180877686,0.48057061433792114,47.939998626708984
2022-11-11 09:34:14,0.15764977037906647,0.16030913591384888,0.14133954048156738,0.21300148963928223,0.5762214064598083,0.5190063714981079,47.63999938964844
2022-11-11 10:43:43,0.15806980431079865,0.162104532122612,0.14284005761146545,0.24769392609596252,0.5721423625946045,0.5168008804321289,47.16999816894531
2022-11-11 11:53:10,0.15878885984420776,0.1596691608428955,0.14196278154850006,0.20912222564220428,0.5756455063819885,0.506866991519928,47.400001525878906
2022-11-11 13:02:26,0.16039858758449554,0.15820114314556122,0.14584936201572418,0.2604672312736511,0.5308659076690674,0.5444629788398743,47.939998626708984
2022-11-11 14:11:55,0.28142985701560974,0.2911641001701355,0.2750854194164276,0.317410945892334,0.4210054278373718,0.46488362550735474,42.43000030517578
2022-11-11 15:21:27,0.16322648525238037,0.1563936322927475,0.14072905480861664,0.2148897498846054,0.46315476298332214,0.3724270761013031,44.459999084472656
2022-11-11 16:30:55,0.16262318193912506,0.15518684685230255,0.14222843945026398,0.20465177297592163,0.43992096185684204,0.4215221405029297,46.04999923706055
2022-11-11 17:40:25,0.16206024587154388,0.1559600979089737,0.1422906368970871,0.20545731484889984,0.47431227564811707,0.3805943429470062,47.040000915527344
2022-11-11 18:49:56,0.16345509886741638,0.15927401185035706,0.1452714502811432,0.22919146716594696,0.4585653245449066,0.3685706853866577,47.459999084472656
2022-11-11 19:59:26,0.16333037614822388,0.15664316713809967,0.14464236795902252,0.224918395280838,0.4492266774177551,0.3810924291610718,47.72999954223633
2022-11-11 21:08:55,0.1672562062740326,0.16035892069339752,0.14651192724704742,0.20821017026901245,0.4745122790336609,0.378562331199646,47.72999954223633
2022-11-11 22:18:27,0.16648337244987488,0.1617448776960373,0.1468796581029892,0.21426260471343994,0.4751971662044525,0.3815302550792694,47.66999816894531
2022-11-11 23:27:56,0.16438883543014526,0.15751652419567108,0.14466406404972076,0.22148028016090393,0.4572208523750305,0.3773546516895294,47.779998779296875
2022-11-12 00:37:27,0.16616930067539215,0.15978582203388214,0.146426260471344,0.23164379596710205,0.4732406735420227,0.41166114807128906,47.84000015258789
2022-11-12 01:46:55,0.16540399193763733,0.16053982079029083,0.1475791335105896,0.22438102960586548,0.4801766872406006,0.42096906900405884,47.86000061035156
2022-11-12 02:56:10,0.16802014410495758,0.16093918681144714,0.14871378242969513,0.22039520740509033,0.45604345202445984,0.3804832994937897,47.790000915527344
2022-11-12 04:05:41,0.16763564944267273,0.16042672097682953,0.1481662094593048,0.2129228413105011,0.46579375863075256,0.3725641667842865,47.790000915527344
2022-11-12 05:14:55,0.16560538113117218,0.15759606659412384,0.1481613963842392,0.21619144082069397,0.45552894473075867,0.38121360540390015,47.939998626708984
2022-11-12 06:24:25,0.16744005680084229,0.16154056787490845,0.14999860525131226,0.22737380862236023,0.4591861665248871,0.42149457335472107,47.95000076293945
2022-11-12 07:34:12,0.16896434128284454,0.16548846662044525,0.151220440864563,0.2507777512073517,0.46706271171569824,0.4025629162788391,47.970001220703125
2022-11-12 08:37:54,0.16778826713562012,0.16251757740974426,0.15103301405906677,0.20808236300945282,0.47861233353614807,0.4094453752040863,47.9900016784668
2022-11-12 09:47:22,0.17029407620429993,0.16064700484275818,0.1508575975894928,0.2261037677526474,0.4941045939922333,0.37941253185272217,48.119998931884766
2022-11-12 10:56:53,0.16966667771339417,0.16191333532333374,0.1503371000289917,0.2137168049812317,0.4690644443035126,0.3867243826389313,48.22999954223633
2022-11-12 12:06:24,0.1685342788696289,0.1631317436695099,0.15056069195270538,0.21716706454753876,0.4739300608634949,0.39124438166618347,48.27000045776367
2022-11-12 13:15:56,0.16977523267269135,0.16614608466625214,0.1516137719154358,0.20818579196929932,0.4941723942756653,0.37302231788635254,48.310001373291016
2022-11-12 14:25:22,0.08126823604106903,0.07527261227369308,0.07614751905202866,0.20620670914649963,0.19111746549606323,0.20934371650218964,46.88999938964844
2022-11-12 15:34:53,0.17404872179031372,0.16960777342319489,0.15487366914749146,0.23203706741333008,0.4875009059906006,0.44065994024276733,47.20000076293945
2022-11-12 16:44:22,0.17530205845832825,0.16999755799770355,0.155369371175766,0.23942160606384277,0.47643646597862244,0.41815629601478577,47.9900016784668
2022-11-12 17:53:53,0.17437468469142914,0.16822554171085358,0.15474891662597656,0.23808862268924713,0.486457496881485,0.39576154947280884,48.189998626708984
2022-11-12 19:03:23,0.1740197092294693,0.17184855043888092,0.15557213127613068,0.21783015131950378,0.4918633997440338,0.36131271719932556,48.220001220703125
2022-11-12 20:12:53,0.17467831075191498,0.17156484723091125,0.157800555229187,0.21888701617717743,0.4744828939437866,0.3678692579269409,48.279998779296875
2022-11-12 21:22:23,0.1763526201248169,0.1719054877758026,0.15576644241809845,0.24824655055999756,0.5128673911094666,0.42235511541366577,48.27000045776367
2022-11-12 22:31:58,0.17552423477172852,0.1702510416507721,0.1576625257730484,0.22170929610729218,0.48230668902397156,0.4053966701030731,48.369998931884766
2022-11-12 23:41:23,0.17747077345848083,0.17155355215072632,0.1578388512134552,0.23623114824295044,0.49404028058052063,0.393523633480072,48.36000061035156
2022-11-13 00:51:10,0.1762761026620865,0.17216753959655762,0.15815602242946625,0.23277601599693298,0.4886471629142761,0.36644068360328674,48.369998931884766
2022-11-13 02:00:38,0.17802533507347107,0.173054039478302,0.1597612053155899,0.23413731157779694,0.4802907109260559,0.3949752449989319,48.310001373291016
2022-11-13 03:10:08,0.17744240164756775,0.17250365018844604,0.15692375600337982,0.27331364154815674,0.5174664855003357,0.3696301579475403,48.369998931884766
2022-11-13 04:19:38,0.17746202647686005,0.17506037652492523,0.15926745533943176,0.239662766456604,0.49704626202583313,0.405991792678833,48.36000061035156
2022-11-13 05:29:09,0.17976151406764984,0.17348648607730865,0.16068461537361145,0.22412624955177307,0.48857569694519043,0.42247065901756287,48.36000061035156
2022-11-13 06:38:40,0.18056470155715942,0.173844113945961,0.15836606919765472,0.23324544727802277,0.4838863015174866,0.3985617458820343,48.40999984741211
2022-11-13 07:48:09,0.1823468804359436,0.17353004217147827,0.15943634510040283,0.23683767020702362,0.48984265327453613,0.3987612724304199,48.38999938964844
2022-11-13 08:57:38,0.1779891699552536,0.17485100030899048,0.1603262722492218,0.237747460603714,0.5018468499183655,0.4093573987483978,48.18000030517578
2022-11-13 10:07:08,0.18232229351997375,0.1762586086988449,0.16090799868106842,0.22759564220905304,0.49920937418937683,0.42671266198158264,48.43000030517578
2022-11-13 11:16:38,0.18168258666992188,0.1751958727836609,0.16068768501281738,0.24031205475330353,0.5073477029800415,0.41889891028404236,48.4900016784668
2022-11-13 12:26:08,0.1818438321352005,0.17405828833580017,0.15997157990932465,0.24548688530921936,0.48207321763038635,0.3949671685695648,48.4900016784668
2022-11-13 13:35:38,0.18213751912117004,0.17577852308750153,0.16199037432670593,0.2350354641675949,0.5100523829460144,0.3907296061515808,48.47999954223633
2022-11-13 14:45:08,0.08945775777101517,0.08381716907024384,0.09861651062965393,0.20149490237236023,0.19831602275371552,0.265439510345459,47.56999969482422
2022-11-13 15:54:38,0.18518073856830597,0.1734997183084488,0.16163423657417297,0.2394760549068451,0.5159519910812378,0.40616536140441895,47.70000076293945
2022-11-13 17:04:08,0.18353019654750824,0.17392653226852417,0.16353560984134674,0.22066523134708405,0.5159456729888916,0.4835507571697235,48.2400016784668
2022-11-13 18:13:39,0.1839313954114914,0.17379939556121826,0.16395068168640137,0.23751430213451385,0.4916633069515228,0.38959017395973206,48.439998626708984
2022-11-13 19:23:23,0.18476490676403046,0.17642395198345184,0.16318254172801971,0.25506827235221863,0.4987630844116211,0.4240528643131256,48.470001220703125
2022-11-13 20:32:53,0.18648764491081238,0.17645405232906342,0.16561280190944672,0.2375708669424057,0.4961914122104645,0.40389391779899597,48.560001373291016
2022-11-13 21:42:22,0.18445037305355072,0.17390680313110352,0.16420917212963104,0.24256230890750885,0.49540144205093384,0.4066391587257385,48.619998931884766
2022-11-13 22:51:54,0.18571361899375916,0.17602893710136414,0.1648837924003601,0.2414594143629074,0.49850940704345703,0.3957226574420929,48.59000015258789
2022-11-14 00:01:22,0.18685920536518097,0.17800115048885345,0.16608983278274536,0.22807002067565918,0.5060784816741943,0.377162367105484,48.630001068115234
2022-11-14 01:10:54,0.18940526247024536,0.1779768317937851,0.16776444017887115,0.24612176418304443,0.4926110506057739,0.39165592193603516,48.529998779296875
2022-11-14 02:20:23,0.1878766566514969,0.17851965129375458,0.16505715250968933,0.24105878174304962,0.4898005723953247,0.3852708339691162,48.5
2022-11-14 03:29:52,0.18679320812225342,0.17632924020290375,0.16789022088050842,0.24438831210136414,0.48909154534339905,0.3885052502155304,48.56999969482422
2022-11-14 04:39:23,0.18745870888233185,0.179862841963768,0.16783946752548218,0.23415367305278778,0.5051944851875305,0.3744440972805023,48.59000015258789
2022-11-14 05:48:53,0.1916886419057846,0.17886583507061005,0.16700442135334015,0.24737001955509186,0.4959239065647125,0.39585012197494507,48.790000915527344
2022-11-14 06:58:24,0.1926632970571518,0.17794564366340637,0.16706259548664093,0.2838101089000702,0.5159717202186584,0.37644580006599426,48.779998779296875
2022-11-14 08:07:53,0.18962225317955017,0.17582035064697266,0.16728518903255463,0.29575315117836,0.48026564717292786,0.3661901354789734,48.790000915527344
2022-11-14 09:17:23,0.20293261110782623,0.1787182092666626,0.16677285730838776,0.2559172213077545,0.48667699098587036,0.32873785495758057,47.869998931884766
2022-11-14 10:26:38,0.20127558708190918,0.17692753672599792,0.1696283221244812,0.23643331229686737,0.44762900471687317,0.3398749530315399,47.95000076293945
2022-11-14 11:36:07,0.20161424577236176,0.17868097126483917,0.16865897178649902,0.22674009203910828,0.47137781977653503,0.3654790222644806,47.88999938964844
2022-11-14 12:45:53,0.20436285436153412,0.18351036310195923,0.1709432601928711,0.274167537689209,0.5012490749359131,0.36895066499710083,48.220001220703125
2022-11-14 13:55:23,0.20549455285072327,0.18012936413288116,0.16547134518623352,0.28216078877449036,0.4553667902946472,0.32491835951805115,48.13999938964844
2022-11-14 15:04:53,0.20374175906181335,0.17441150546073914,0.16785664856433868,0.2427566945552826,0.4360352158546448,0.39194241166114807,46.869998931884766
2022-11-14 16:14:23,0.20569658279418945,0.17620959877967834,0.17013727128505707,0.25856664776802063,0.4558802545070648,0.44311222434043884,48.15999984741211
2022-11-14 17:23:53,0.20388224720954895,0.17378319799900055,0.17337007820606232,0.23440146446228027,0.4403407871723175,0.37430986762046814,48.88999938964844
2022-11-14 18:33:22,0.2052488774061203,0.17405804991722107,0.17485609650611877,0.25108829140663147,0.453509658575058,0.35861897468566895,49.130001068115234
2022-11-14 19:42:53,0.20132625102996826,0.17365704476833344,0.1730223447084427,0.22899405658245087,0.4600660800933838,0.35976511240005493,49.36000061035156
2022-11-14 20:52:23,0.2058691680431366,0.1762344241142273,0.1735878586769104,0.254057377576828,0.47148725390434265,0.342440128326416,49.15999984741211
2022-11-14 22:01:38,0.20450617372989655,0.17659945785999298,0.17476211488246918,0.23487868905067444,0.4845574200153351,0.4054296314716339,49.33000183105469
2022-11-14 23:11:09,0.20555828511714935,0.17462410032749176,0.1755000799894333,0.22455701231956482,0.47242680191993713,0.42000535130500793,49.31999969482422
2022-11-15 00:20:38,0.20403680205345154,0.17406629025936127,0.17530149221420288,0.24488885700702667,0.46637633442878723,0.36760395765304565,49.43000030517578
2022-11-15 01:29:53,0.2093527913093567,0.1763412356376648,0.17643684148788452,0.2513335347175598,0.4812993109226227,0.3655923306941986,49.380001068115234
2022-11-15 02:39:23,0.20740583539009094,0.17368292808532715,0.17547613382339478,0.26929178833961487,0.5024600625038147,0.42799341678619385,49.29999923706055
2022-11-15 03:48:37,0.2083948701620102,0.17486821115016937,0.17533645033836365,0.25319668650627136,0.4766930639743805,0.3620333969593048,49.470001220703125
2022-11-15 04:58:08,0.20855660736560822,0.17523916065692902,0.1775931566953659,0.23228979110717773,0.47607138752937317,0.3644751310348511,49.619998931884766
2022-11-15 06:07:41,0.2127387672662735,0.17796601355075836,0.1801396608352661,0.2686460316181183,0.4821605980396271,0.3566003441810608,49.709999084472656
2022-11-15 07:17:24,0.2148527354001999,0.17616765201091766,0.17878316342830658,0.25937896966934204,0.4717335104942322,0.40674716234207153,49.720001220703125
2022-11-15 08:22:50,0.21266606450080872,0.17645131051540375,0.17896513640880585,0.243291437625885,0.46800509095191956,0.4092622697353363,49.2400016784668
2022-11-15 09:32:21,0.21592961251735687,0.18113793432712555,0.1794092059135437,0.24869589507579803,0.4717535376548767,0.3309563994407654,48.63999938964844
2022-11-15 10:41:49,0.2150726318359375,0.1823968142271042,0.180446594953537,0.25527164340019226,0.46748480200767517,0.39946746826171875,48.459999084472656
2022-11-15 11:51:05,0.21658353507518768,0.18088975548744202,0.18164031207561493,0.26197728514671326,0.4783751368522644,0.35274651646614075,48.79999923706055
2022-11-15 13:00:34,0.2225893884897232,0.1801729053258896,0.18161042034626007,0.2948368787765503,0.4691148102283478,0.4076468050479889,48.810001373291016
2022-11-15 14:10:05,0.33853650093078613,0.31528887152671814,0.3186292350292206,0.4189138114452362,0.501314640045166,0.5486757159233093,46.04999923706055
2022-11-15 15:19:35,0.22224920988082886,0.1862144023180008,0.18323494493961334,0.2725231349468231,0.4691069722175598,0.3937435746192932,46.880001068115234
2022-11-15 16:29:05,0.22383373975753784,0.18651551008224487,0.18786674737930298,0.2607598304748535,0.4668107330799103,0.35691559314727783,48.470001220703125
2022-11-15 17:38:36,0.22542743384838104,0.18348465859889984,0.1867467761039734,0.2565559148788452,0.45563656091690063,0.40523862838745117,49.20000076293945
2022-11-15 18:48:05,0.22594214975833893,0.18363939225673676,0.1892777681350708,0.24313414096832275,0.468380868434906,0.3723616898059845,49.58000183105469
2022-11-15 19:57:35,0.22315937280654907,0.18421313166618347,0.18889927864074707,0.2211877852678299,0.4563128650188446,0.37947118282318115,49.52000045776367
2022-11-15 21:06:49,0.22403579950332642,0.18606427311897278,0.1912287324666977,0.23202969133853912,0.4689677953720093,0.32977035641670227,49.68000030517578
2022-11-15 22:16:20,0.22416488826274872,0.18579870462417603,0.19277434051036835,0.24509982764720917,0.4697622060775757,0.336047887802124,49.61000061035156
2022-11-15 23:25:49,0.2274232804775238,0.18522478640079498,0.19105662405490875,0.24783673882484436,0.459008127450943,0.36994504928588867,49.650001525878906
2022-11-16 00:35:20,0.22698278725147247,0.18468661606311798,0.19213932752609253,0.22760166227817535,0.44872716069221497,0.37896713614463806,49.650001525878906
2022-11-16 01:44:50,0.2271905541419983,0.18625475466251373,0.19352170825004578,0.2597569227218628,0.4512215852737427,0.35466518998146057,49.66999816894531
2022-11-16 02:54:21,0.23179060220718384,0.1864572912454605,0.19457793235778809,0.2382979691028595,0.4720735251903534,0.4079177975654602,49.68000030517578
2022-11-16 04:03:49,0.2300485521554947,0.18370068073272705,0.19637025892734528,0.26835352182388306,0.4546402096748352,0.430480420589447,49.59000015258789
2022-11-16 05:13:19,0.23543335497379303,0.18932342529296875,0.19908767938613892,0.2466254085302353,0.46314525604248047,0.3475276827812195,49.63999938964844
2022-11-16 06:22:51,0.23910413682460785,0.19042518734931946,0.20013298094272614,0.286770224571228,0.507960855960846,0.3548295497894287,49.68000030517578
2022-11-16 07:32:36,0.233829528093338,0.18941368162631989,0.20236985385417938,0.26170480251312256,0.4806734323501587,0.36098363995552063,49.83000183105469
2022-11-16 08:46:15,0.23925839364528656,0.19030988216400146,0.20215162634849548,0.2842593193054199,0.4792577624320984,0.3551746904850006,49.779998779296875
2022-11-16 09:55:42,0.23991471529006958,0.19519250094890594,0.20341569185256958,0.2534770369529724,0.45578861236572266,0.3891230821609497,49.2400016784668
2022-11-16 11:05:13,0.23889218270778656,0.19267632067203522,0.20342455804347992,0.25459516048431396,0.4562705457210541,0.3467871844768524,49.20000076293945
2022-11-16 12:14:45,0.24525676667690277,0.19207727909088135,0.2042478770017624,0.2804642915725708,0.4655440151691437,0.3842167854309082,49.54999923706055
2022-11-16 13:24:14,0.2446361482143402,0.19091668725013733,0.20546670258045197,0.2754996120929718,0.45131412148475647,0.31773537397384644,49.880001068115234
2022-11-16 14:33:42,0.1230468600988388,0.10090763121843338,0.11203473806381226,0.20751868188381195,0.20149213075637817,0.20162168145179749,49.0
2022-11-16 15:43:15,0.24576066434383392,0.19674842059612274,0.21243508160114288,0.26513564586639404,0.4903494119644165,0.3881155550479889,48.880001068115234
2022-11-16 16:52:43,0.24921812117099762,0.2008298635482788,0.21412746608257294,0.2760065495967865,0.46719634532928467,0.3746877908706665,49.77000045776367
2022-11-16 18:01:59,0.24330154061317444,0.19743408262729645,0.21399027109146118,0.2474977672100067,0.5081537961959839,0.36111265420913696,50.189998626708984
2022-11-16 19:11:44,0.25192975997924805,0.19983763992786407,0.21730327606201172,0.24679915606975555,0.48956891894340515,0.3663419485092163,50.2599983215332
2022-11-16 20:21:13,0.25030770897865295,0.1986444592475891,0.21683773398399353,0.2538997530937195,0.47576987743377686,0.40298137068748474,50.310001373291016
2022-11-16 21:30:44,0.24834899604320526,0.20017625391483307,0.2181384265422821,0.25624334812164307,0.4848254919052124,0.40558841824531555,50.22999954223633
2022-11-16 22:40:14,0.2503454387187958,0.20006676018238068,0.2185789793729782,0.24697323143482208,0.4801706075668335,0.3583502769470215,50.08000183105469
2022-11-16 23:49:43,0.24971716105937958,0.20042456686496735,0.21889252960681915,0.24224452674388885,0.49631035327911377,0.3631264269351959,50.040000915527344
2022-11-17 00:59:12,0.2525683045387268,0.19903205335140228,0.22100578248500824,0.24665148556232452,0.4637012779712677,0.37852123379707336,49.9900016784668
2022-11-17 02:08:43,0.25438055396080017,0.20018482208251953,0.21804207563400269,0.2501882314682007,0.4818454086780548,0.33302536606788635,49.880001068115234
2022-11-17 03:18:12,0.25324517488479614,0.20047308504581451,0.22213640809059143,0.2745368182659149,0.4692339599132538,0.3715072274208069,49.900001525878906
2022-11-17 04:27:44,0.25602659583091736,0.20270250737667084,0.22216308116912842,0.28030362725257874,0.4498710036277771,0.3584253489971161,49.79999923706055
2022-11-17 05:37:13,0.26391252875328064,0.20561952888965607,0.2258354127407074,0.28191789984703064,0.46748173236846924,0.380219042301178,49.810001373291016
2022-11-17 06:46:44,0.25878238677978516,0.20360620319843292,0.22286245226860046,0.2993997037410736,0.487557977437973,0.37617942690849304,49.7599983215332
2022-11-17 07:56:14,0.2653596103191376,0.20757552981376648,0.2285229116678238,0.2963133156299591,0.4777723252773285,0.3754510283470154,49.58000183105469
2022-11-17 09:05:58,0.26607629656791687,0.20738749206066132,0.22597122192382812,0.24992766976356506,0.4660645127296448,0.3217509090900421,48.81999969482422
2022-11-17 10:15:26,0.26463592052459717,0.21180768311023712,0.22874262928962708,0.262362003326416,0.47982168197631836,0.3353407680988312,49.2599983215332
2022-11-17 11:24:56,0.2620078921318054,0.2057228982448578,0.22804875671863556,0.28001660108566284,0.4875829517841339,0.3505425751209259,49.7599983215332
2022-11-17 12:34:27,0.266247421503067,0.21054702997207642,0.23285968601703644,0.3168380558490753,0.4858196973800659,0.34908878803253174,50.040000915527344
2022-11-17 13:43:56,0.26752448081970215,0.2081482857465744,0.23067522048950195,0.2858857214450836,0.4628836214542389,0.4214869439601898,50.22999954223633
2022-11-17 14:53:27,0.1444459706544876,0.1179497167468071,0.14451725780963898,0.16546247899532318,0.19616056978702545,0.24265508353710175,49.13999938964844
2022-11-17 16:02:56,0.26511678099632263,0.20915502309799194,0.22732838988304138,0.2445734739303589,0.469342976808548,0.3767366409301758,49.4900016784668
2022-11-17 17:12:27,0.2694341540336609,0.21105265617370605,0.2325301170349121,0.256719172000885,0.48512622714042664,0.3746700584888458,50.220001220703125
2022-11-17 18:21:56,0.2628071904182434,0.21022503077983856,0.2327054888010025,0.2672145366668701,0.47087064385414124,0.41308680176734924,50.369998931884766
2022-11-17 19:31:27,0.26745107769966125,0.21292684972286224,0.23027953505516052,0.26044100522994995,0.48052453994750977,0.3843095898628235,50.529998779296875
2022-11-17 20:40:42,0.2675761282444,0.210631862282753,0.23553618788719177,0.24918736517429352,0.48461249470710754,0.37440943717956543,50.290000915527344
2022-11-17 21:50:12,0.2687075138092041,0.2118149995803833,0.23693230748176575,0.24499869346618652,0.45624202489852905,0.4045071005821228,50.52000045776367
2022-11-17 22:59:43,0.267814040184021,0.21133817732334137,0.23619773983955383,0.2575428783893585,0.4952920973300934,0.38487324118614197,50.52000045776367
2022-11-18 00:09:12,0.2737210690975189,0.211726114153862,0.24155503511428833,0.2472904622554779,0.48404020071029663,0.37050771713256836,50.54999923706055
2022-11-18 01:18:42,0.27383822202682495,0.21437214314937592,0.2371438890695572,0.2597983777523041,0.49875134229660034,0.3554460406303406,50.459999084472656
2022-11-18 02:28:14,0.274248868227005,0.21392594277858734,0.23747830092906952,0.2654850482940674,0.4922972023487091,0.3673279881477356,50.5099983215332
2022-11-18 03:37:41,0.275304913520813,0.21179182827472687,0.2401152104139328,0.25637444853782654,0.4794257879257202,0.3712477385997772,50.599998474121094
2022-11-18 04:47:28,0.2736515402793884,0.2123153954744339,0.24252289533615112,0.25435227155685425,0.47364869713783264,0.390056848526001,50.45000076293945
2022-11-18 05:56:57,0.27867814898490906,0.21202050149440765,0.2382950484752655,0.3021460473537445,0.478116899728775,0.35060229897499084,50.689998626708984
2022-11-18 07:06:27,0.2758888304233551,0.21182455122470856,0.24229109287261963,0.30132007598876953,0.49143919348716736,0.3839297294616699,50.7599983215332
2022-11-18 08:15:58,0.2800258696079254,0.21698273718357086,0.24018847942352295,0.2930031418800354,0.5060313940048218,0.3943607807159424,50.630001068115234
2022-11-18 09:25:32,0.28652873635292053,0.21152356266975403,0.2407170832157135,0.2513170838356018,0.4446985721588135,0.3585423529148102,50.619998931884766
2022-11-18 10:35:01,0.2845418155193329,0.21820321679115295,0.24343518912792206,0.28628450632095337,0.4693024754524231,0.36668848991394043,49.959999084472656
2022-11-18 11:44:15,0.2857489287853241,0.2158808559179306,0.24390961229801178,0.2455233782529831,0.436859130859375,0.3652626574039459,49.86000061035156
2022-11-18 12:53:46,0.2832828760147095,0.21518196165561676,0.24419571459293365,0.28284651041030884,0.46251457929611206,0.3322969377040863,50.099998474121094
2022-11-18 14:03:16,0.27959468960762024,0.22400513291358948,0.2365860939025879,0.26416945457458496,0.4676717221736908,0.34104496240615845,50.150001525878906
2022-11-18 15:12:46,0.28605812788009644,0.2255759984254837,0.2438022792339325,0.29186156392097473,0.4548617899417877,0.3491542339324951,48.130001068115234
2022-11-18 16:22:15,0.2862702012062073,0.21601834893226624,0.24538753926753998,0.27874651551246643,0.485884428024292,0.37277311086654663,49.56999969482422
2022-11-18 17:31:46,0.2876834571361542,0.2198927402496338,0.2453370988368988,0.2845504581928253,0.46734970808029175,0.3813914656639099,50.18000030517578
2022-11-18 18:41:16,0.28791993856430054,0.22236894071102142,0.24687744677066803,0.26829320192337036,0.4873848557472229,0.3747711479663849,50.41999816894531
2022-11-18 19:50:46,0.28738927841186523,0.22188663482666016,0.2517155110836029,0.2619852125644684,0.4664948582649231,0.3768804967403412,50.54999923706055
2022-11-18 21:00:16,0.28878647089004517,0.22723174095153809,0.2539392113685608,0.3097096085548401,0.4852987825870514,0.35707515478134155,50.29999923706055
2022-11-18 22:09:47,0.2909746468067169,0.2214079350233078,0.24886786937713623,0.2593870759010315,0.46574267745018005,0.36529624462127686,50.52000045776367
2022-11-18 23:19:16,0.28806427121162415,0.22548459470272064,0.25213146209716797,0.279468834400177,0.4825878143310547,0.38173744082450867,50.59000015258789
2022-11-19 00:28:31,0.29162144660949707,0.22192500531673431,0.25332024693489075,0.26734036207199097,0.49724799394607544,0.37734395265579224,50.45000076293945
2022-11-19 01:38:01,0.2941480576992035,0.2264852225780487,0.2569007873535156,0.2709052562713623,0.49248573184013367,0.3545352816581726,50.36000061035156
2022-11-19 02:47:34,0.29796093702316284,0.22715099155902863,0.25761109590530396,0.29368868470191956,0.46823111176490784,0.3643806576728821,50.310001373291016
2022-11-19 03:57:02,0.29749569296836853,0.22517627477645874,0.25622308254241943,0.265058696269989,0.4820551574230194,0.36674320697784424,50.47999954223633
2022-11-19 05:06:31,0.29909589886665344,0.2264709323644638,0.2620772421360016,0.2565036416053772,0.4711286425590515,0.35835152864456177,50.43000030517578
2022-11-19 06:16:02,0.300491601228714,0.22710774838924408,0.25993475317955017,0.28480738401412964,0.49383220076560974,0.4278586506843567,50.38999938964844
2022-11-19 07:25:32,0.30093592405319214,0.23204405605793,0.2606331408023834,0.26187753677368164,0.46095409989356995,0.35787928104400635,50.31999969482422
2022-11-19 08:35:10,0.3087013065814972,0.23333223164081573,0.2645876705646515,0.27579617500305176,0.49039995670318604,0.38484281301498413,50.439998626708984
2022-11-19 09:44:39,0.3033210039138794,0.23201969265937805,0.2619937062263489,0.2647418677806854,0.46957069635391235,0.3991668224334717,50.439998626708984
2022-11-19 10:54:09,0.3022312819957733,0.23520709574222565,0.26477885246276855,0.2606341540813446,0.48650336265563965,0.3746820092201233,50.619998931884766
2022-11-19 12:03:40,0.30083537101745605,0.2358679175376892,0.2697627544403076,0.2835361659526825,0.47455450892448425,0.38736897706985474,50.54999923706055
2022-11-19 13:13:12,0.30950939655303955,0.23344357311725616,0.27023813128471375,0.2525787651538849,0.46419331431388855,0.364510715007782,50.619998931884766
2022-11-19 14:22:39,0.438364714384079,0.3520679175853729,0.3735547959804535,0.47406625747680664,0.4738437533378601,0.6861922740936279,47.7599983215332
2022-11-19 15:32:09,0.30750295519828796,0.23303991556167603,0.2694852352142334,0.2573221027851105,0.4488535523414612,0.3493720591068268,48.939998626708984
2022-11-19 16:41:40,0.30483078956604004,0.238160640001297,0.27065807580947876,0.26644620299339294,0.46387314796447754,0.3742980659008026,49.7599983215332
2022-11-19 17:51:12,0.30929842591285706,0.23422375321388245,0.2735138535499573,0.2775823473930359,0.4758196771144867,0.35220712423324585,49.88999938964844
2022-11-19 19:00:42,0.31316280364990234,0.23683273792266846,0.2714536488056183,0.2638460397720337,0.4605114758014679,0.4104098677635193,49.95000076293945
2022-11-19 20:10:10,0.31191352009773254,0.24256527423858643,0.2753251791000366,0.26052355766296387,0.48158571124076843,0.39045119285583496,49.939998626708984
2022-11-19 21:19:40,0.31604498624801636,0.24116429686546326,0.2774932384490967,0.2651500403881073,0.452835351228714,0.3957292437553406,49.939998626708984
2022-11-19 22:29:09,0.3190706670284271,0.24618765711784363,0.2809390425682068,0.2608635723590851,0.48121461272239685,0.3449993133544922,50.029998779296875
2022-11-19 23:38:56,0.3170309364795685,0.24276939034461975,0.2794100344181061,0.27004843950271606,0.484078049659729,0.36935150623321533,50.02000045776367
2022-11-20 00:48:25,0.3231658339500427,0.24739398062229156,0.28469017148017883,0.2695942521095276,0.4817427396774292,0.36909353733062744,49.86000061035156
2022-11-20 01:58:10,0.3273182511329651,0.24758309125900269,0.2859379053115845,0.288942813873291,0.4610641598701477,0.3815976679325104,49.869998931884766
2022-11-20 03:07:39,0.33126136660575867,0.24850994348526,0.28465667366981506,0.26711705327033997,0.4558061361312866,0.3870680332183838,49.72999954223633
2022-11-20 04:17:11,0.328357994556427,0.24975663423538208,0.2883274555206299,0.2672433853149414,0.4393945038318634,0.3621178865432739,49.7400016784668
2022-11-20 05:26:39,0.33936944603919983,0.2566084563732147,0.28885191679000854,0.284353643655777,0.46401047706604004,0.38792702555656433,49.66999816894531
2022-11-20 06:36:09,0.33592602610588074,0.2588520646095276,0.29330649971961975,0.2634847164154053,0.4564627408981323,0.3976512849330902,49.61000061035156
2022-11-20 07:45:40,0.334877073764801,0.2541162371635437,0.2945442795753479,0.2871173918247223,0.46765416860580444,0.3822462260723114,49.5
2022-11-20 08:55:02,0.33333536982536316,0.25292810797691345,0.294574111700058,0.26467809081077576,0.4646919369697571,0.46729713678359985,49.58000183105469
2022-11-20 10:04:31,0.3386375904083252,0.26291516423225403,0.29648688435554504,0.2598487436771393,0.48805946111679077,0.3512476086616516,49.470001220703125
2022-11-20 11:14:01,0.3376423716545105,0.2575262784957886,0.30065304040908813,0.26819416880607605,0.46961525082588196,0.39479854702949524,49.630001068115234
2022-11-20 12:23:33,0.34068936109542847,0.2599213421344757,0.2986205518245697,0.27313873171806335,0.4690256714820862,0.3935213088989258,49.5099983215332
2022-11-20 13:33:01,0.3420659005641937,0.2591036260128021,0.2998514771461487,0.28510552644729614,0.4582604169845581,0.38431471586227417,49.5099983215332
2022-11-20 14:42:32,0.18431402742862701,0.156236469745636,0.17200037837028503,0.2609582543373108,0.27590683102607727,0.29478442668914795,49.09000015258789
2022-11-20 15:52:02,0.3406476676464081,0.2579161524772644,0.2960239052772522,0.29700013995170593,0.45910632610321045,0.35240885615348816,48.369998931884766
2022-11-20 17:01:32,0.34544485807418823,0.26609620451927185,0.30514270067214966,0.27050983905792236,0.4542374014854431,0.3979203701019287,49.0099983215332
2022-11-20 18:11:02,0.34755799174308777,0.26096779108047485,0.30557674169540405,0.28117799758911133,0.4602786600589752,0.3597342371940613,49.08000183105469
2022-11-20 19:20:32,0.3540978729724884,0.2646733522415161,0.31100162863731384,0.2925119400024414,0.484880268573761,0.4591425061225891,49.209999084472656
2022-11-20 20:29:47,0.35581284761428833,0.2717041075229645,0.30827948451042175,0.27518120408058167,0.46663203835487366,0.3738521933555603,49.18000030517578
2022-11-20 21:39:17,0.36125868558883667,0.2796477973461151,0.31916311383247375,0.2810595631599426,0.4819861948490143,0.35950392484664917,49.2400016784668
2022-11-20 22:48:33,0.3606514632701874,0.27262961864471436,0.31813472509384155,0.3065032362937927,0.4751130938529968,0.37010443210601807,49.2599983215332
2022-11-20 23:58:03,0.358479768037796,0.27289897203445435,0.31352999806404114,0.284357488155365,0.4779702126979828,0.3505512773990631,49.209999084472656
2022-11-21 01:07:31,0.36938348412513733,0.2746180295944214,0.32945334911346436,0.2813269793987274,0.488228440284729,0.39257633686065674,49.22999954223633
2022-11-21 02:16:47,0.35993412137031555,0.2770124673843384,0.3250308334827423,0.2731592059135437,0.4661655128002167,0.35906895995140076,49.11000061035156
2022-11-21 03:26:17,0.37381505966186523,0.27203187346458435,0.32694050669670105,0.28550538420677185,0.46489787101745605,0.3707614541053772,49.220001220703125
2022-11-21 04:35:46,0.36806511878967285,0.2733839750289917,0.32622045278549194,0.29279881715774536,0.4658946394920349,0.38862526416778564,49.13999938964844
2022-11-21 05:45:16,0.3734097480773926,0.27835336327552795,0.32679083943367004,0.2879449725151062,0.4600815176963806,0.3798466622829437,49.34000015258789
2022-11-21 06:54:46,0.3747313320636749,0.28082332015037537,0.3266372084617615,0.3001077473163605,0.47596976161003113,0.3866000175476074,49.43000030517578
2022-11-21 08:04:16,0.37695932388305664,0.2802869379520416,0.3349834680557251,0.31317514181137085,0.48963189125061035,0.3984804153442383,49.439998626708984
2022-11-21 09:13:39,0.3742556571960449,0.2850821018218994,0.337738573551178,0.2972041070461273,0.47650572657585144,0.3777865767478943,49.119998931884766
2022-11-21 10:23:07,0.3790222406387329,0.289077490568161,0.33953937888145447,0.3276447355747223,0.48413947224617004,0.3839935064315796,48.83000183105469
2022-11-21 11:32:37,0.3727639615535736,0.282909095287323,0.33543649315834045,0.2984807789325714,0.4698147177696228,0.37104296684265137,49.04999923706055
2022-11-21 12:42:07,0.381954550743103,0.2878129482269287,0.3421126902103424,0.3659507632255554,0.48350968956947327,0.38390108942985535,49.529998779296875
2022-11-21 13:51:38,0.3814138174057007,0.2826763391494751,0.3428105115890503,0.3499562442302704,0.5000345706939697,0.38390105962753296,49.75
2022-11-21 15:01:08,0.006569594144821167,0.005971685517579317,0.008080689236521721,0.10688140988349915,0.12408803403377533,0.16155190765857697,48.31999969482422
2022-11-21 16:10:37,0.006553479935973883,0.0059598470106720924,0.00817803293466568,0.10083971917629242,0.08997201919555664,0.19948895275592804,42.0
2022-11-21 17:20:07,0.006495897192507982,0.005911479704082012,0.008042115718126297,0.15747617185115814,0.10811484605073929,0.24172738194465637,38.58000183105469
2022-11-21 18:29:39,0.006442667916417122,0.005973882041871548,0.008057545870542526,0.091758593916893,0.11980649083852768,0.2357076108455658,36.529998779296875
2022-11-21 19:39:07,0.00646175304427743,0.005948506761342287,0.008016540668904781,0.11989658325910568,0.07228410243988037,0.15455667674541473,35.15999984741211
2022-11-21 20:48:38,0.006498660892248154,0.005847076885402203,0.00799118634313345,0.10101914405822754,0.08605942130088806,0.1626569926738739,34.15999984741211
2022-11-21 21:58:09,0.006478726398199797,0.005935369525104761,0.00798253994435072,0.14695081114768982,0.14128239452838898,0.24676719307899475,33.41999816894531
2022-11-21 23:07:38,0.006444710772484541,0.005864935461431742,0.00792357325553894,0.10864575952291489,0.07718321681022644,0.1381484866142273,32.86000061035156
2022-11-22 00:17:08,0.006417376920580864,0.005946739576756954,0.008006611838936806,0.09177986532449722,0.09461076557636261,0.21786311268806458,32.33000183105469
2022-11-22 01:26:38,0.006488488987088203,0.0059413909912109375,0.007981439121067524,0.10137180238962173,0.0680900365114212,0.11063245683908463,32.029998779296875
2022-11-22 02:36:07,0.006462648510932922,0.00591525062918663,0.007962146773934364,0.10612386465072632,0.09757493436336517,0.11482829600572586,31.65999984741211
2022-11-22 03:45:37,0.0064342026598751545,0.00591635424643755,0.007917996495962143,0.14693483710289001,0.0800970271229744,0.19033931195735931,31.43000030517578
2022-11-22 04:55:09,0.006449517328292131,0.005832212511450052,0.00794055126607418,0.08055130392313004,0.09188508242368698,0.1123049259185791,31.200000762939453
2022-11-22 06:04:38,0.00642111012712121,0.00591459171846509,0.007958073168992996,0.08531906455755234,0.06517396122217178,0.12325384467840195,31.100000381469727
2022-11-22 07:14:08,0.006483227014541626,0.005938125308603048,0.007833614945411682,0.07150495797395706,0.10706379264593124,0.13557925820350647,30.969999313354492
2022-11-22 08:23:41,0.006421028170734644,0.005922243930399418,0.007948853075504303,0.1150960773229599,0.11462262272834778,0.11333230137825012,30.850000381469727
2022-11-22 09:33:11,0.006449354812502861,0.005911578424274921,0.007933815009891987,0.09800011664628983,0.11820947378873825,0.11561135202646255,30.729999542236328
2022-11-22 10:42:41,0.0065046134404838085,0.0059373765252530575,0.008006632328033447,0.1179804801940918,0.07807226479053497,0.17397235333919525,30.59000015258789
2022-11-22 11:52:10,0.006440830882638693,0.0058549982495605946,0.007908675819635391,0.08976920694112778,0.08903011679649353,0.12870538234710693,30.479999542236328
2022-11-22 13:01:40,0.006494560744613409,0.005901971831917763,0.007969078607857227,0.07827246189117432,0.10689394921064377,0.16420744359493256,30.510000228881836
2022-11-22 14:11:12,0.006398685276508331,0.005900595802813768,0.007957840338349342,0.11186785250902176,0.09277622401714325,0.17735186219215393,30.510000228881836
2022-11-22 15:20:42,0.0064238873310387135,0.0058832913637161255,0.0079490439966321,0.09366578608751297,0.07602306455373764,0.1520455777645111,30.389999389648438
2022-11-22 16:30:12,0.006406379397958517,0.00587979331612587,0.007897110655903816,0.09189943969249725,0.10056684911251068,0.1394299566745758,30.299999237060547
2022-11-22 17:39:26,0.006485028192400932,0.0058708046562969685,0.007960768416523933,0.12290862947702408,0.08547982573509216,0.13363397121429443,30.299999237060547
2022-11-22 18:49:11,0.006425214000046253,0.005894552916288376,0.007937413640320301,0.0851430669426918,0.11056118458509445,0.1753755658864975,30.270000457763672
2022-11-22 19:58:40,0.006443805061280727,0.005906518083065748,0.007923435419797897,0.12208451330661774,0.12864316999912262,0.20082710683345795,30.209999084472656
2022-11-22 21:08:10,0.006447137333452702,0.005887726787477732,0.0079427445307374,0.0836176872253418,0.0808168351650238,0.15535971522331238,30.200000762939453
2022-11-22 22:17:40,0.006389821879565716,0.00587055366486311,0.007916285656392574,0.07721899449825287,0.08467061072587967,0.13526836037635803,30.170000076293945
2022-11-22 23:27:09,0.006435828283429146,0.005906379781663418,0.007915850728750229,0.11535027623176575,0.08569950610399246,0.13610269129276276,30.09000015258789
2022-11-23 00:36:40,0.006429464090615511,0.005853289272636175,0.007940615527331829,0.12700296938419342,0.08209116011857986,0.20720122754573822,30.049999237060547
2022-11-23 01:46:10,0.006484439130872488,0.005936593748629093,0.007944969460368156,0.09633546322584152,0.05590766668319702,0.1459374576807022,30.020000457763672
2022-11-23 02:55:40,0.00644240528345108,0.005887859966605902,0.007943150587379932,0.15306390821933746,0.09217586368322372,0.14455316960811615,29.93000030517578
2022-11-23 04:05:12,0.006432130932807922,0.0059092091396451,0.00792716909199953,0.08332166820764542,0.09578458964824677,0.14879892766475677,29.93000030517578
2022-11-23 05:14:40,0.006448419764637947,0.005877829622477293,0.007889242842793465,0.08931791037321091,0.09206598252058029,0.1502862125635147,29.860000610351562
2022-11-23 06:24:11,0.006474616471678019,0.00589210307225585,0.007985551841557026,0.11597536504268646,0.0795784443616867,0.11577563732862473,29.860000610351562
2022-11-23 07:33:41,0.0064744832925498486,0.00588507205247879,0.007905607111752033,0.09538081288337708,0.08997458219528198,0.16061873733997345,29.860000610351562
2022-11-23 08:42:54,0.006432552821934223,0.005965339485555887,0.007904100231826305,0.11408800631761551,0.1000361368060112,0.21094337105751038,29.920000076293945
2022-11-23 09:52:25,0.006379855331033468,0.005904041696339846,0.007897117175161839,0.07507611811161041,0.067927286028862,0.13663853704929352,29.850000381469727
2022-11-23 11:01:53,0.0064397333189845085,0.0058650849387049675,0.008020106703042984,0.1150813028216362,0.12218933552503586,0.12771181762218475,29.639999389648438
2022-11-23 12:11:08,0.006426971405744553,0.005885756108909845,0.007963269017636776,0.11005711555480957,0.0923672690987587,0.107998788356781,29.760000228881836
2022-11-23 13:20:38,0.00642037857323885,0.0058734724298119545,0.007930153049528599,0.08688627928495407,0.11974794417619705,0.1692781299352646,29.799999237060547
2022-11-23 14:30:08,0.006446569226682186,0.005923023447394371,0.007875040173530579,0.06372132897377014,0.1147894486784935,0.14085423946380615,29.889999389648438
2022-11-23 15:39:39,0.006465284153819084,0.005863720551133156,0.007891875691711903,0.13664284348487854,0.07995589077472687,0.1341010332107544,29.81999969482422
2022-11-23 16:49:08,0.006428863853216171,0.005876629147678614,0.007943990640342236,0.12122157216072083,0.11499664932489395,0.16324707865715027,29.790000915527344
2022-11-23 17:58:38,0.006447879131883383,0.005887249018996954,0.007935763336718082,0.0937609001994133,0.12196981906890869,0.1471252590417862,29.84000015258789
2022-11-23 19:07:53,0.006420396734029055,0.005880470387637615,0.007954842410981655,0.08847547322511673,0.07480208575725555,0.16543200612068176,29.850000381469727
2022-11-23 20:17:23,0.006415635347366333,0.005841514561325312,0.007960138842463493,0.12858213484287262,0.09643971174955368,0.19263780117034912,29.8700008392334
2022-11-23 21:26:53,0.006431435700505972,0.0058853719383478165,0.007889465428888798,0.09491057693958282,0.07990653067827225,0.10565663129091263,29.81999969482422
2022-11-23 22:36:23,0.006463147699832916,0.005927007179707289,0.007963853888213634,0.08801431953907013,0.10622288286685944,0.1282471865415573,29.770000457763672
2022-11-23 23:45:55,0.006422053091228008,0.005932202562689781,0.007925143465399742,0.11521174758672714,0.07540332525968552,0.1334197074174881,29.709999084472656
2022-11-24 00:55:24,0.00645202724263072,0.005905505735427141,0.007967298850417137,0.1384931206703186,0.08962883800268173,0.14365753531455994,29.719999313354492
2022-11-24 02:04:53,0.0064446995966136456,0.005914708133786917,0.007953496649861336,0.12774497270584106,0.07527776807546616,0.11245504021644592,29.6299991607666
2022-11-24 03:14:25,0.006414850242435932,0.005876339506357908,0.007965128868818283,0.09732116758823395,0.10351569950580597,0.18682383000850677,29.59000015258789
2022-11-24 04:23:55,0.0064751990139484406,0.0058389510959386826,0.007958765141665936,0.12243904173374176,0.06447718292474747,0.21086055040359497,29.5
2022-11-24 05:33:24,0.0064142062328755856,0.005861454177647829,0.00791491661220789,0.14836180210113525,0.09019985795021057,0.2342989146709442,29.5
2022-11-24 06:42:53,0.006384266074746847,0.005895007401704788,0.007921009324491024,0.1321186125278473,0.08138729631900787,0.16357585787773132,29.549999237060547
2022-11-24 07:52:23,0.18360914289951324,0.1580953747034073,0.16937296092510223,0.2340320348739624,0.30207476019859314,0.3233974874019623,29.459999084472656
2022-11-24 09:01:41,0.006487032398581505,0.005986692849546671,0.007935691624879837,0.11431554704904556,0.09065283089876175,0.12741170823574066,33.38999938964844
2022-11-24 10:11:10,0.006457290146499872,0.005938115995377302,0.007996250875294209,0.14340931177139282,0.1410214751958847,0.13736003637313843,33.689998626708984
2022-11-24 11:20:40,0.006471184082329273,0.005903840065002441,0.008051460608839989,0.11642251908779144,0.07831849157810211,0.1989458203315735,31.729999542236328
2022-11-24 12:30:26,0.0064387754537165165,0.0058855763636529446,0.008013132028281689,0.10679511725902557,0.0750461295247078,0.17991097271442413,31.530000686645508
2022-11-24 13:39:55,0.006461725104600191,0.005862740334123373,0.007946889847517014,0.08802398294210434,0.08050615340471268,0.14357785880565643,29.579999923706055
2022-11-24 14:49:25,0.38945427536964417,0.30702170729637146,0.33436161279678345,0.2958489954471588,0.5302398800849915,0.5065839290618896,37.900001525878906
2022-11-24 15:58:55,0.4032250642776489,0.3102905750274658,0.35273706912994385,0.334123820066452,0.5717633366584778,0.5009649395942688,43.290000915527344
2022-11-24 17:08:29,0.4157647490501404,0.3189242482185364,0.36175593733787537,0.29370418190956116,0.5503769516944885,0.4620601236820221,45.38999938964844
2022-11-24 18:17:56,0.42153695225715637,0.3230501115322113,0.3599971830844879,0.3148306906223297,0.4981491267681122,0.45033714175224304,46.22999954223633
2022-11-24 19:27:25,0.40839138627052307,0.32029661536216736,0.3648422062397003,0.3184753954410553,0.5260030031204224,0.45670706033706665,46.619998931884766
2022-11-24 20:36:56,0.41417568922042847,0.3206990361213684,0.36446434259414673,0.30940112471580505,0.5508646965026855,0.5020344853401184,46.869998931884766
2022-11-24 21:46:25,0.41822439432144165,0.3301983177661896,0.3773084282875061,0.3229956030845642,0.5943704843521118,0.5780676007270813,46.959999084472656
2022-11-24 22:55:40,0.4186168611049652,0.3313750922679901,0.37254858016967773,0.3230017423629761,0.5688232183456421,0.5566830039024353,47.290000915527344
2022-11-25 00:05:10,0.4118629992008209,0.3238479495048523,0.3666720688343048,0.32136744260787964,0.5942811965942383,0.5615702867507935,47.25
2022-11-25 01:14:41,0.4178546667098999,0.3241409361362457,0.3730016350746155,0.31847721338272095,0.580664336681366,0.5910978317260742,47.29999923706055
2022-11-25 02:24:11,0.42582961916923523,0.32959121465682983,0.3750085234642029,0.3455575406551361,0.6015177369117737,0.6033651828765869,47.77000045776367
2022-11-25 03:33:40,0.41365745663642883,0.3255419433116913,0.3819062113761902,0.3490201532840729,0.6059616208076477,0.6478694677352905,47.459999084472656
2022-11-25 04:43:10,0.42380309104919434,0.3248298466205597,0.37235188484191895,0.3410436809062958,0.5976448655128479,0.6051912903785706,47.56999969482422
2022-11-25 05:52:40,0.43233582377433777,0.33038344979286194,0.3789040148258209,0.3924693465232849,0.5946847200393677,0.615368664264679,47.63999938964844
2022-11-25 07:02:26,0.42621129751205444,0.3247290551662445,0.38577699661254883,0.3890312910079956,0.6246387362480164,0.6142574548721313,47.619998931884766
2022-11-25 08:11:56,0.4307514727115631,0.3332395553588867,0.3772920072078705,0.39052367210388184,0.5992235541343689,0.6143476366996765,47.84000015258789
2022-11-25 09:21:13,0.43758425116539,0.34079310297966003,0.38572317361831665,0.3859257698059082,0.6125949621200562,0.6411331295967102,47.2599983215332
2022-11-25 10:30:42,0.4377883970737457,0.3380047380924225,0.372648149728775,0.4217037856578827,0.6188974380493164,0.5912573933601379,46.9900016784668
2022-11-25 11:40:13,0.4368356764316559,0.33379170298576355,0.3873007893562317,0.379415363073349,0.6085845828056335,0.5858368873596191,47.650001525878906
2022-11-25 12:49:43,0.4290574789047241,0.3328929841518402,0.3878832757472992,0.38633447885513306,0.5531162619590759,0.5275300741195679,47.95000076293945
2022-11-25 13:59:13,0.42790377140045166,0.34056350588798523,0.3871164321899414,0.3952120542526245,0.5216317772865295,0.45297273993492126,47.90999984741211
2022-11-25 15:08:28,0.4467567801475525,0.3473973870277405,0.39899006485939026,0.37286409735679626,0.6023280620574951,0.5359979271888733,46.5
2022-11-25 16:17:57,0.44865280389785767,0.355098694562912,0.408959299325943,0.4272599518299103,0.6306661367416382,0.620621383190155,47.4900016784668
2022-11-25 17:27:27,0.31616875529289246,0.29378530383110046,0.2933781147003174,0.2740328013896942,0.314190536737442,0.3366285562515259,47.060001373291016
2022-11-25 18:36:58,0.3506288230419159,0.33838343620300293,0.3313727080821991,0.2642579674720764,0.29546985030174255,0.2805514335632324,41.029998779296875
2022-11-25 19:46:27,0.3478233218193054,0.34597620368003845,0.3292877674102783,0.2752593457698822,0.30784115195274353,0.32496127486228943,38.88999938964844
2022-11-25 20:56:13,0.3448945879936218,0.327894926071167,0.3219398856163025,0.2536270022392273,0.2942914366722107,0.2681497037410736,37.91999816894531
2022-11-25 22:05:43,0.34421080350875854,0.32899829745292664,0.3296865224838257,0.24228020012378693,0.26715195178985596,0.282425194978714,37.470001220703125
2022-11-25 23:15:12,0.3419795632362366,0.3207450211048126,0.314909964799881,0.24241751432418823,0.2812662124633789,0.31868788599967957,37.29999923706055
2022-11-26 00:24:44,0.3486291468143463,0.3385617733001709,0.3309866786003113,0.23783530294895172,0.2727115750312805,0.31782811880111694,37.15999984741211
2022-11-26 01:34:12,0.34817996621131897,0.34035724401474,0.3161764144897461,0.24357599020004272,0.2732790410518646,0.2609871029853821,37.0
2022-11-26 02:43:43,0.34018653631210327,0.33233386278152466,0.3204520046710968,0.2542063891887665,0.28624171018600464,0.29374536871910095,36.959999084472656
2022-11-26 03:53:12,0.3554278314113617,0.3506647050380707,0.33251434564590454,0.268753319978714,0.2770170569419861,0.27921611070632935,36.900001525878906
2022-11-26 05:02:42,0.34198132157325745,0.33802345395088196,0.3142378032207489,0.23324184119701385,0.27729326486587524,0.2532212734222412,36.869998931884766
2022-11-26 06:12:13,0.34414374828338623,0.3280241787433624,0.3152264356613159,0.25901877880096436,0.27659299969673157,0.2718445956707001,36.72999954223633
2022-11-26 07:21:42,0.34591925144195557,0.333723783493042,0.32217392325401306,0.27208980917930603,0.2981448173522949,0.26732394099235535,36.65999984741211
2022-11-26 08:31:12,0.006491952110081911,0.005877223331481218,0.008033113554120064,0.08118486404418945,0.08923756331205368,0.15052781999111176,37.119998931884766
2022-11-26 09:40:41,0.006443895865231752,0.005902750417590141,0.007963324896991253,0.08988182246685028,0.05547862872481346,0.1163201853632927,36.150001525878906
2022-11-26 10:50:12,0.006480395793914795,0.005883148871362209,0.007958515547215939,0.11533066630363464,0.10190843045711517,0.13582617044448853,34.529998779296875
2022-11-26 11:59:43,0.006457158364355564,0.005960978101938963,0.007895494811236858,0.11428888887166977,0.09591399878263474,0.15887558460235596,33.400001525878906
2022-11-26 13:09:27,0.006422629114240408,0.005917084403336048,0.007935886271297932,0.09112586826086044,0.06803090125322342,0.12605194747447968,32.560001373291016
2022-11-26 14:18:57,0.00648887362331152,0.005921137519180775,0.007951772771775723,0.10164245218038559,0.09372331202030182,0.15467222034931183,31.899999618530273
2022-11-26 15:28:26,0.0064652832224965096,0.00589133333414793,0.007999074645340443,0.10807207226753235,0.09077858179807663,0.14603470265865326,31.350000381469727
2022-11-26 16:37:57,0.006437279749661684,0.005927199963480234,0.007955820299685001,0.12509389221668243,0.10817153751850128,0.132407084107399,30.940000534057617
2022-11-26 17:47:26,0.0064353179186582565,0.0059027597308158875,0.007928555831313133,0.125817209482193,0.0820772647857666,0.14132142066955566,30.610000610351562
2022-11-26 18:56:56,0.006437839008867741,0.005844062194228172,0.007975911721587181,0.11365906149148941,0.0962098240852356,0.11930622905492783,30.329999923706055
2022-11-26 20:06:26,0.006391043774783611,0.005933953449130058,0.008046651259064674,0.12844116985797882,0.07930608093738556,0.1660284698009491,30.06999969482422
2022-11-26 21:15:41,0.006423517130315304,0.005915607791393995,0.007909225299954414,0.08777538686990738,0.11214787513017654,0.1410391479730606,29.84000015258789
2022-11-26 22:25:12,0.006452471017837524,0.005956449545919895,0.00794399343430996,0.08666117489337921,0.07947643101215363,0.1468655914068222,29.670000076293945
2022-11-26 23:34:42,0.006416674237698317,0.005859286058694124,0.0079395342618227,0.0977054238319397,0.13902483880519867,0.13377845287322998,29.530000686645508
2022-11-27 00:44:11,0.006433870643377304,0.005927105434238911,0.007914897985756397,0.09036347270011902,0.09201622754335403,0.23203283548355103,29.389999389648438
2022-11-27 01:53:56,0.006466504652053118,0.005913864355534315,0.007940638810396194,0.08107490092515945,0.07412060350179672,0.13391895592212677,29.229999542236328
2022-11-27 03:03:27,0.006456295028328896,0.005939072463661432,0.007948135957121849,0.1276664137840271,0.09175435453653336,0.12745773792266846,29.15999984741211
2022-11-27 04:12:57,0.006378768477588892,0.005949556361883879,0.00796517450362444,0.0980181097984314,0.07415495812892914,0.14709287881851196,29.040000915527344
2022-11-27 05:22:28,0.006447351537644863,0.005910304840654135,0.00798009429126978,0.10222050547599792,0.10231814533472061,0.10692651569843292,28.920000076293945
2022-11-27 06:31:57,0.006446487735956907,0.005947530269622803,0.007898782379925251,0.10483457893133163,0.13462884724140167,0.10883412510156631,28.850000381469727
2022-11-27 07:41:26,0.006433602422475815,0.005939215421676636,0.007861005142331123,0.07097283005714417,0.09187571704387665,0.1614457666873932,28.760000228881836
2022-11-27 08:51:03,0.006445254199206829,0.005892032291740179,0.008018570020794868,0.12348251789808273,0.07490592449903488,0.1320817768573761,28.729999542236328
2022-11-27 10:00:34,0.006442878860980272,0.005923668388277292,0.007852635346353054,0.06731478869915009,0.07439783215522766,0.10925963521003723,28.639999389648438
2022-11-27 11:10:02,0.006439507007598877,0.005886982660740614,0.007897065952420235,0.14250068366527557,0.10376361757516861,0.1225622296333313,28.579999923706055
2022-11-27 12:19:33,0.006403681822121143,0.005871983245015144,0.007919742725789547,0.10100559890270233,0.0980352833867073,0.12050761282444,28.56999969482422
2022-11-27 13:29:01,0.006436564028263092,0.005914333276450634,0.007941052317619324,0.1138303279876709,0.10630568116903305,0.17380838096141815,28.56999969482422
2022-11-27 14:38:32,0.0063528623431921005,0.005900598131120205,0.007864226587116718,0.09216037392616272,0.11074692755937576,0.1301046460866928,28.510000228881836
2022-11-27 15:48:03,0.006436997093260288,0.005922988522797823,0.00792586151510477,0.09892755001783371,0.08931124955415726,0.13216876983642578,28.420000076293945
2022-11-27 16:57:32,0.006453575100749731,0.005955357104539871,0.007923287339508533,0.12036364525556564,0.08682467043399811,0.1756114363670349,28.360000610351562
2022-11-27 18:07:01,0.006478368770331144,0.005923685617744923,0.0078960619866848,0.07163169980049133,0.09653861820697784,0.17829132080078125,28.31999969482422
2022-11-27 19:16:51,0.00643968628719449,0.005905224476009607,0.007948054932057858,0.10629960149526596,0.08481226861476898,0.13919460773468018,28.239999771118164
2022-11-27 20:26:16,0.006425587926059961,0.005968843586742878,0.007906608283519745,0.14345411956310272,0.11041796952486038,0.18420982360839844,28.15999984741211
2022-11-27 21:35:48,0.006415434647351503,0.005910038482397795,0.00796587485820055,0.09087472409009933,0.07668661326169968,0.13694973289966583,28.190000534057617
2022-11-27 22:45:17,0.006411716341972351,0.0059734126552939415,0.007921731099486351,0.11327128857374191,0.10564707964658737,0.11060498654842377,28.139999389648438
2022-11-27 23:54:47,0.006395920179784298,0.005895873066037893,0.007857033051550388,0.11084350198507309,0.07226946204900742,0.1290818750858307,28.040000915527344
2022-11-28 01:04:34,0.006447457242757082,0.005942458286881447,0.007938825525343418,0.1530926376581192,0.09447195380926132,0.1420103758573532,27.989999771118164
2022-11-28 02:14:03,0.006362697575241327,0.005950865801423788,0.007922123186290264,0.10210428386926651,0.09476471692323685,0.13257886469364166,27.950000762939453
2022-11-28 03:23:32,0.006490206345915794,0.005964819807559252,0.007942979224026203,0.08972077071666718,0.10405109077692032,0.1746818870306015,27.920000076293945
2022-11-28 04:33:03,0.006374952383339405,0.005933206528425217,0.007944757118821144,0.08822489529848099,0.07306555658578873,0.1577932983636856,27.920000076293945
2022-11-28 05:42:33,0.006396287586539984,0.0059402575716376305,0.007928845472633839,0.11881036311388016,0.10158441960811615,0.11138944327831268,27.920000076293945
2022-11-28 06:52:02,0.006405353546142578,0.005936272908002138,0.007957765832543373,0.12582086026668549,0.12724842131137848,0.19279319047927856,27.8799991607666
2022-11-28 08:01:33,0.006403500679880381,0.00589339155703783,0.007838964462280273,0.08747518807649612,0.0664556473493576,0.13416320085525513,27.450000762939453
2022-11-28 09:11:02,0.006364609580487013,0.005904910620301962,0.007900225929915905,0.09883815050125122,0.11663299798965454,0.14650578796863556,24.549999237060547
2022-11-28 10:20:30,0.0063499948009848595,0.00594156701117754,0.007902232930064201,0.1212788075208664,0.09126564115285873,0.11340945214033127,26.6299991607666
2022-11-28 11:30:00,0.006474122870713472,0.005901456344872713,0.007899634540081024,0.11021336168050766,0.10163840651512146,0.12426470220088959,26.989999771118164
2022-11-28 12:39:31,0.00644867355003953,0.005843176972121,0.007935019209980965,0.13013800978660583,0.08294766396284103,0.1396355926990509,27.139999389648438
2022-11-28 13:49:00,0.006465876009315252,0.005927056074142456,0.007980462163686752,0.07533550262451172,0.08679257333278656,0.1328311264514923,27.309999465942383
2022-11-28 14:58:31,0.006490347906947136,0.005940655246376991,0.00797211192548275,0.13996127247810364,0.08928680419921875,0.18505288660526276,27.43000030517578
2022-11-28 16:08:00,0.006399660836905241,0.005889315158128738,0.007848364301025867,0.09415040165185928,0.11200127750635147,0.14709852635860443,27.530000686645508
2022-11-28 17:17:31,0.006382082588970661,0.00588765786960721,0.007859388366341591,0.1338517665863037,0.06889127194881439,0.11486475169658661,27.549999237060547
2022-11-28 18:27:01,0.0064366767182946205,0.005845294799655676,0.008036651648581028,0.11922774463891983,0.08160252124071121,0.1378655880689621,27.600000381469727
2022-11-28 19:36:46,0.006464114412665367,0.005910065025091171,0.007931102998554707,0.08671782910823822,0.08166369050741196,0.1559559553861618,27.690000534057617
2022-11-28 20:46:16,0.006409052759408951,0.0059067788533866405,0.007846959866583347,0.08258240669965744,0.08495969325304031,0.108233243227005,27.690000534057617
2022-11-28 21:55:45,0.0064204102382063866,0.005931562278419733,0.007915242575109005,0.11217708885669708,0.09415387362241745,0.18921387195587158,27.709999084472656
2022-11-28 23:05:16,0.006420366000384092,0.005865707062184811,0.007933011278510094,0.10102026909589767,0.081619031727314,0.12180500477552414,27.670000076293945
2022-11-29 00:14:45,0.006403383798897266,0.005911205895245075,0.007895423099398613,0.10059778392314911,0.12320440262556076,0.15654845535755157,27.719999313354492
2022-11-29 01:24:16,0.006450240034610033,0.005923417862504721,0.007867207750678062,0.08799175173044205,0.07729841768741608,0.14755497872829437,27.65999984741211
2022-11-29 02:33:45,0.006430101580917835,0.005906620528548956,0.00793449580669403,0.12510932981967926,0.08448310941457748,0.15692922472953796,27.649999618530273
2022-11-29 03:43:02,0.0064151291735470295,0.0058639757335186005,0.007866418920457363,0.11674119532108307,0.10146859288215637,0.2052527368068695,27.6299991607666
2022-11-29 04:52:30,0.006392089184373617,0.005840533412992954,0.007856754586100578,0.12170609831809998,0.12086757272481918,0.18018542230129242,27.639999389648438
2022-11-29 06:02:03,0.006397745572030544,0.005926115904003382,0.007893932051956654,0.11070003360509872,0.07215667515993118,0.17096677422523499,27.68000030517578
2022-11-29 07:11:16,0.006415247917175293,0.005927670281380415,0.007865956984460354,0.11085571348667145,0.10899237543344498,0.16346901655197144,27.719999313354492
2022-11-29 08:20:50,0.006470647174865007,0.005910081323236227,0.007874674163758755,0.10947801917791367,0.11724601686000824,0.1242491751909256,27.670000076293945
2022-11-29 09:30:04,0.006357517093420029,0.00587628735229373,0.00791989266872406,0.08553983271121979,0.0764094814658165,0.1491456776857376,27.799999237060547
2022-11-29 10:39:34,0.0063516609370708466,0.005857876036316156,0.007919945754110813,0.0911477655172348,0.07893000543117523,0.1353914588689804,25.34000015258789
2022-11-29 11:49:03,0.006375723984092474,0.00592274684458971,0.00789254903793335,0.13643132150173187,0.10461783409118652,0.11497081071138382,26.829999923706055
2022-11-29 12:58:33,0.006417217664420605,0.005893276073038578,0.007953631691634655,0.1325385719537735,0.0951249748468399,0.10051494091749191,27.06999969482422
2022-11-29 14:07:50,0.006428901106119156,0.005854505114257336,0.007927651517093182,0.10602399706840515,0.1082519143819809,0.19979196786880493,26.450000762939453
2022-11-29 15:17:05,0.006407484877854586,0.0058766198344528675,0.007915849797427654,0.10991428792476654,0.1024291068315506,0.21676941215991974,25.059999465942383
2022-11-29 16:26:33,0.0064576552249491215,0.00591423362493515,0.007918630726635456,0.10703491419553757,0.08735916018486023,0.12424435466527939,26.31999969482422
2022-11-29 17:36:04,0.006468632724136114,0.0058976816944777966,0.007952176965773106,0.08301780372858047,0.11173570156097412,0.20101025700569153,26.6200008392334
2022-11-29 18:45:34,0.006386965047568083,0.005884530488401651,0.007892602123320103,0.12089970707893372,0.12233014404773712,0.1519426554441452,26.790000915527344
2022-11-29 19:55:03,0.006432379595935345,0.005923225544393063,0.007961710914969444,0.11047867685556412,0.10590480268001556,0.12165092676877975,26.8700008392334
2022-11-29 21:04:50,0.006466491613537073,0.0059447139501571655,0.007921788841485977,0.11190202087163925,0.0814627930521965,0.13208435475826263,26.969999313354492
2022-11-29 22:14:18,0.00643933517858386,0.005914560053497553,0.007900003343820572,0.10357221215963364,0.0840659886598587,0.11711732298135757,27.049999237060547
2022-11-29 23:23:50,0.006431137677282095,0.005885065067559481,0.007894502021372318,0.10548649728298187,0.11260346323251724,0.1427396535873413,27.079999923706055
2022-11-30 00:33:19,0.006422106176614761,0.005887405481189489,0.007821386680006981,0.15262572467327118,0.09668862819671631,0.09409581869840622,27.200000762939453
2022-11-30 01:42:48,0.00645442632958293,0.005959962960332632,0.007963799871504307,0.08780388534069061,0.09272252023220062,0.14096029102802277,27.219999313354492
2022-11-30 02:52:18,0.006428164895623922,0.005898061208426952,0.007938391529023647,0.1519080102443695,0.06061306968331337,0.17329172790050507,27.190000534057617
2022-11-30 04:01:41,0.006320475600659847,0.005843097809702158,0.007934252731502056,0.09563686698675156,0.09727855026721954,0.1433257758617401,27.15999984741211
2022-11-30 05:11:09,0.006390629801899195,0.005833692383021116,0.007858754135668278,0.10708633065223694,0.11141655594110489,0.13669836521148682,27.100000381469727
2022-11-30 06:20:24,0.006407564505934715,0.005813315510749817,0.00791149865835905,0.12469702959060669,0.08960876613855362,0.09628476947546005,27.1200008392334
2022-11-30 07:29:55,0.006416783668100834,0.0058355689980089664,0.007882203906774521,0.10155180096626282,0.10684646666049957,0.1916930228471756,26.969999313354492
2022-11-30 08:39:24,0.006363559979945421,0.005901913158595562,0.007834409363567829,0.1265355348587036,0.08071364462375641,0.1654692441225052,24.81999969482422
2022-11-30 09:48:55,0.006416887976229191,0.005854682996869087,0.007961144670844078,0.13429418206214905,0.07017014920711517,0.1334906667470932,24.649999618530273
